INSERT INTO `Operation` (title)
VALUES
    ('login'),
    ('editSelf'),
    ('createUser'),
    ('deleteUser'),
    ('editUser'),
    ('viewUsers'),
    ('createGroup'),
    ('deleteGroup'),
    ('editGroup'),
    ('viewGroups'),
    ('createDevice'),
    ('deleteDevice'),
    ('editDevice'),
    ('viewDevices'),
    ('deviceIncrease'),
    ('deviceDecrease'),
    ('deviceCorrection'),
    ('createMedicalMaterial'),
    ('deleteMedicalMaterial'),
    ('editMedicalMaterial'),
    ('viewMedicalMaterials'),
    ('medicalMaterialIncrease'),
    ('medicalMaterialDecrease'),
    ('medicalMaterialCorrection'),
    ('createConsumableMaterial'),
    ('deleteConsumableMaterial'),
    ('editConsumableMaterial'),
    ('viewConsumableMaterials'),
    ('consumableMaterialIncrease'),
    ('consumableMaterialDecrease'),
    ('consumableMaterialCorrection'),
    ('createLocation'),
    ('deleteLocation'),
    ('editLocation'),
    ('viewLocations');

INSERT INTO `GroupRight` (title)
VALUES
    ('login'),
    ('editSelf'),
    ('createUser'),
    ('deleteUser'),
    ('editUser'),
    ('viewUsers'),
    ('createGroup'),
    ('deleteGroup'),
    ('editGroup'),
    ('viewGroups'),
    ('createDevice'),
    ('deleteDevice'),
    ('editDevice'),
    ('viewDevices'),
    ('deviceIncrease'),
    ('deviceDecrease'),
    ('deviceCorrection'),
    ('createMedicalMaterial'),
    ('deleteMedicalMaterial'),
    ('editMedicalMaterial'),
    ('viewMedicalMaterials'),
    ('medicalMaterialIncrease'),
    ('medicalMaterialDecrease'),
    ('medicalMaterialCorrection'),
    ('createConsumableMaterial'),
    ('deleteConsumableMaterial'),
    ('editConsumableMaterial'),
    ('viewConsumableMaterials'),
    ('consumableMaterialIncrease'),
    ('consumableMaterialDecrease'),
    ('consumableMaterialCorrection'),
    ('createLocation'),
    ('deleteLocation'),
    ('editLocation'),
    ('viewLocations');

INSERT INTO `Group`
VALUES
    (0,'user',true),
    (0,'admin',true),
    (0,'deviceResponsible',true),
	(0,'medicalMaterialResponsible',true),
    (0,'consumableMaterialResponsible',true);

INSERT INTO `GroupHasRights`
VALUES
    (1,1),
    (1,2),
    (1,6),
    (1,10),
    (1,14),
    (1,21),
	(1,28),
    (1,35),
    (2,3),
    (2,4),
    (2,5),
    (2,6),
    (2,7),
    (2,8),
    (2,9),
    (2,11),
    (2,12),
    (2,13),
    (2,15),
    (2,16),
    (2,17),
    (2,18),
    (2,19),
    (2,20),
    (2,22),
    (2,23),
    (2,24),
    (2,25),
    (2,26),
    (2,27),
    (2,29),
    (2,30),
    (2,31),
    (2,32),
    (2,33),
    (2,34),
    (3,15),
    (3,16),
	(3,17),
    (4,22),
    (4,23),
    (4,24),
    (5,29),
	(5,30),
    (5,31);

/* pw = md5(test) */
INSERT INTO `User`
VALUES
    (0,'nforbrich', 'Nina', 'Forbrich','nina.forbrich@drk-sennestadt.de',Now(),'098f6bcd4621d373cade4e832627b4f6', 0),
    (0,'nwittkowski', 'Nicole', 'Wittkowski','nicole.wittkowski@drk-sennestadt.de',Now(),'098f6bcd4621d373cade4e832627b4f6', 0),
    (0,'tschulz', 'Tanja', 'Schulz','tanja.schulz@drk-sennestadt.de',Now(),'098f6bcd4621d373cade4e832627b4f6', 0),
    (0,'mscholz', 'Markus', 'Scholz','markus.scholz@drk-sennestadt.de',Now(),'098f6bcd4621d373cade4e832627b4f6', 0),
    (0,'mforbrich', 'Martina', 'Forbrich','martina.forbrich@drk-sennestadt.de',Now(),'098f6bcd4621d373cade4e832627b4f6', 0),
    (0,'aschoenfeld', 'Alexander', 'Schönfeld','alexander.schoenfeld@drk-sennestadt.de',Now(),'098f6bcd4621d373cade4e832627b4f6', 0);

INSERT INTO `UserIsMemberOfGroup`
VALUES
    (1,1),
    (1,2),
    (2,1),
    (2,3),
    (2,4),
    (3,1),
	(4,1),
    (5,1),
    (5,5),
    (6,1);

INSERT INTO `Type`
VALUES
    (0,'Gerät'),
    (0,'Medizinisches Material'),
    (0,'Versorgungsmaterial'),
    (0,'Fahrzeug');

INSERT INTO `Message`
VALUES
    (0,'green'),
    (0,'yellow'),
    (0,'red');
